{
	"id": "399701bc-d652-48ee-9f57-fa610f4ce123",
	"name": "SWAPI",
	"description": "",
	"auth": null,
	"events": null,
	"variables": [],
	"order": [
		"a330fdf2-2700-428b-955c-c41efa31e299",
		"c7872d2c-4f2e-4bb2-bbe8-5ec377329625",
		"e4d3b589-c291-4277-a452-0cb586826635",
		"1fbd3f06-b303-4870-bdde-5572d17e2913",
		"8b78e52e-8ff9-41b5-b85c-5ca50ec88b56"
	],
	"folders_order": [],
	"folders": [],
	"requests": [
		{
			"id": "1fbd3f06-b303-4870-bdde-5572d17e2913",
			"name": "GET Starships with id 9",
			"url": "https://swapi.co/api/starships/9",
			"description": "Get all starships",
			"data": null,
			"dataMode": "params",
			"headerData": [],
			"method": "GET",
			"pathVariableData": [],
			"queryParams": [],
			"auth": null,
			"events": [
				{
					"listen": "test",
					"script": {
						"id": "7beabeb9-73ae-4c4c-8ce3-ec1257122ef7",
						"type": "text/javascript",
						"exec": [
							"pm.test(\"response must be valid and have a body\", function () {",
							"     // assert that the status code is 200",
							"     pm.response.to.be.ok; // info, success, redirection, clientError,  serverError, are other variants",
							"     // assert that the response has a valid JSON body",
							"     pm.response.to.be.withBody;",
							"     pm.response.to.be.json; // this assertion also checks if a body  exists, so the above check is not needed",
							"     pm.response.to.not.have.jsonBody(\"error\"); ",
							"});",
							"",
							"pm.test(\"individual parameters validations\", function () {",
							"  pm.expect(pm.response.json().name).to.equal(\"Death Star\");",
							"  pm.expect(pm.response.json().model).to.equal(\"DS-1 Orbital Battle Station\"); ",
							"  pm.expect(pm.response.json().manufacturer).to.equal(\"Imperial Department of Military Research, Sienar Fleet Systems\"); ",
							"  pm.expect(pm.response.json().cost_in_credits).to.equal(\"1000000000000\"); ",
							"  pm.expect(pm.response.json().max_atmosphering_speed).to.equal(\"n/a\"); ",
							"  pm.expect(pm.response.json().crew).to.equal(\"342953\"); ",
							"  pm.expect(pm.response.json().passengers).to.equal(\"843342\"); ",
							"  pm.expect(pm.response.json().cargo_capacity).to.equal(\"1000000000000\"); ",
							"  pm.expect(pm.response.json().consumables).to.equal(\"3 years\");",
							"  pm.expect(pm.response.json().hyperdrive_rating).to.equal(\"4.0\"); ",
							"  pm.expect(pm.response.json().MGLT).to.equal(\"10\"); ",
							"  pm.expect(pm.response.json().starship_class).to.equal(\"Deep Space Mobile Battlestation\"); ",
							"  pm.expect(pm.response.json().url).to.equal(\"https://swapi.co/api/starships/9/\");  ",
							"  pm.expect(pm.response.json().films[0]).to.equal(\"https://swapi.co/api/films/1/\"); ",
							"});",
							"",
							""
						]
					}
				}
			],
			"folder": null,
			"headers": "",
			"pathVariables": {}
		},
		{
			"id": "8b78e52e-8ff9-41b5-b85c-5ca50ec88b56",
			"name": "GET Starships with Search (chained variables)",
			"url": "https://swapi.co/api/starships?search=Death+Star",
			"description": "Get all starships",
			"data": null,
			"dataMode": "params",
			"headerData": [],
			"method": "GET",
			"pathVariableData": [],
			"queryParams": [
				{
					"key": "search",
					"value": "Death+Star",
					"equals": true,
					"description": "",
					"enabled": true
				}
			],
			"auth": null,
			"events": [
				{
					"listen": "test",
					"script": {
						"id": "f17f26cb-c87d-42fd-b568-adb937fc510b",
						"type": "text/javascript",
						"exec": [
							"pm.test(\"response must be valid and have a body\", function () {",
							"     // assert that the status code is 200",
							"     pm.response.to.be.ok; // info, success, redirection, clientError,  serverError, are other variants",
							"     // assert that the response has a valid JSON body",
							"     pm.response.to.be.withBody;",
							"     pm.response.to.be.json; // this assertion also checks if a body  exists, so the above check is not needed",
							"     pm.response.to.not.have.jsonBody(\"error\"); ",
							"});",
							"",
							"pm.test(\"individual parameters validations\", function () {",
							"  pm.expect(pm.response.json().count).to.equal(1);",
							"  pm.expect(pm.response.json().results[0].name).to.equal(\"Death Star\");",
							"  pm.expect(pm.response.json().results[0].model).to.equal(\"DS-1 Orbital Battle Station\"); ",
							"  pm.expect(pm.response.json().results[0].manufacturer).to.equal(\"Imperial Department of Military Research, Sienar Fleet Systems\"); ",
							"  pm.expect(pm.response.json().results[0].cost_in_credits).to.equal(\"1000000000000\"); ",
							"  pm.expect(pm.response.json().results[0].max_atmosphering_speed).to.equal(\"n/a\"); ",
							"  pm.expect(pm.response.json().results[0].crew).to.equal(\"342953\"); ",
							"  pm.expect(pm.response.json().results[0].passengers).to.equal(\"843342\"); ",
							"  pm.expect(pm.response.json().results[0].cargo_capacity).to.equal(\"1000000000000\"); ",
							"  pm.expect(pm.response.json().results[0].consumables).to.equal(\"3 years\");",
							"  pm.expect(pm.response.json().results[0].hyperdrive_rating).to.equal(\"4.0\"); ",
							"  pm.expect(pm.response.json().results[0].MGLT).to.equal(\"10\"); ",
							"  pm.expect(pm.response.json().results[0].starship_class).to.equal(\"Deep Space Mobile Battlestation\"); ",
							"  pm.expect(pm.response.json().results[0].url).to.equal(\"https://swapi.co/api/starships/9/\");  ",
							"  pm.expect(pm.response.json().results[0].films[0]).to.equal(\"https://swapi.co/api/films/1/\"); ",
							"});",
							"",
							""
						]
					}
				}
			],
			"folder": null,
			"headers": "",
			"pathVariables": {}
		},
		{
			"id": "a330fdf2-2700-428b-955c-c41efa31e299",
			"name": "GET People",
			"url": "https://swapi.co/api/people",
			"description": "Get all people",
			"data": null,
			"dataMode": "params",
			"headerData": [],
			"method": "GET",
			"pathVariableData": [],
			"queryParams": [],
			"auth": null,
			"events": [],
			"folder": null,
			"headers": "",
			"pathVariables": {}
		},
		{
			"id": "c7872d2c-4f2e-4bb2-bbe8-5ec377329625",
			"name": "GET planets",
			"url": "https://swapi.co/api/planets",
			"description": "Get all planets",
			"data": null,
			"dataMode": "params",
			"headerData": [],
			"method": "GET",
			"pathVariableData": [],
			"queryParams": [],
			"auth": null,
			"events": [],
			"folder": null,
			"headers": "",
			"pathVariables": {}
		},
		{
			"id": "e4d3b589-c291-4277-a452-0cb586826635",
			"name": "GET Starships",
			"url": "https://swapi.co/api/starships",
			"description": "Get all starships",
			"data": null,
			"dataMode": "params",
			"headerData": [],
			"method": "GET",
			"pathVariableData": [],
			"queryParams": [],
			"auth": null,
			"events": [],
			"folder": null,
			"headers": "",
			"pathVariables": {}
		}
	]
}